Workbook

Sheet Sheet1
A1: province | B1: year | C1: number_of_wildfire | D1: total_area
A2: เชียงใหม่ | B2: 2558 | C2: 1179 | D2: 12611.37
A3: เชียงราย | B3: 2558 | C3: 147 | D3: 1129.72
A4: เพชรบุรี | B4: 2558 | C4: 43 | D4: 966
A5: เพชรบูรณ์ | B5: 2558 | C5: 61 | D5: 555.8
A6: เลย | B6: 2558 | C6: 115 | D6: 1568
A7: แพร่ | B7: 2558 | C7: 140 | D7: 1004
A8: แม่ฮ่องสอน | B8: 2558 | C8: 471 | D8: 3839.5
A9: กระบี่ | B9: 2558 | C9: 3 | D9: 15.86
A10: กาญจนบุรี | B10: 2558 | C10: 184 | D10: 2148
A11: กาฬสินธุ์ | B11: 2558 | C11: 43 | D11: 298
A12: กำแพงเพชร | B12: 2558 | C12: 43 | D12: 811
A13: ขอนแก่น | B13: 2558 | C13: 93 | D13: 1548
... A586: อุบลราชธานี | B586: 2566 | C586: 126 | D586: 1118.41

Sheet 9 จังหวัดok 
A1: สถิติการเกิดไฟไหม้ป่า 9 จังหวัดภาคเหนือ ตั้งแต่ปีงบประมาณ พ.ศ. 2541-2561
C3: ปี 2541 | E3: ปี 2542 | G3: ปี 2543 | I3: ปี 2544 | K3: ปี 2545 | M3: ปี 2546 | O3: ปี 2547 | Q3: ปี 2548 | S3: ปี 2549 | U3: ปี 2550 | W3: ปี 2551 | Y3: ปี 2552 | AA3: ปี 2553 | AC3: ปี 2554 | AE3: ปี 2555 | AG3: ปี 2556 | AI3: ปี 2557 | AK3: ปี 2558 | AM3: ปี 2559 | AO3: ปี 2560 | AQ3: ปี 2561
A4: จังหวัด | C4: ดับไฟป่า | D4: พื้นที่ถูกไฟไหม้ | E4: ดับไฟป่า | F4: พื้นที่ถูกไฟไหม้ | G4: ดับไฟป่า | H4: พื้นที่ถูกไฟไหม้ | I4: ดับไฟป่า | J4: พื้นที่ถูกไฟไหม้ | K4: ดับไฟป่า | L4: พื้นที่ถูกไฟไหม้ | M4: ดับไฟป่า | N4: พื้นที่ถูกไฟไหม้ | O4: ดับไฟป่า | P4: พื้นที่ถูกไฟไหม้ | Q4: ดับไฟป่า | R4: พื้นที่ถูกไฟไหม้ | S4: ดับไฟป่า | T4: พื้นที่ถูกไฟไหม้ | U4: ดับไฟป่า | V4: พื้นที่ถูกไฟไหม้ | W4: ดับไฟป่า | X4: พื้นที่ถูกไฟไหม้ | Y4: ดับไฟป่า | Z4: พื้นที่ถูกไฟไหม้ | AA4: ดับไฟป่า | AB4: พื้นที่ถูกไฟไหม้ | AC4: ดับไฟป่า | AD4: พื้นที่ถูกไฟไหม้ | AE4: ดับไฟป่า | AF4: พื้นที่ถูกไฟไหม้ | AG4: ดับไฟป่า | AH4: พื้นที่ถูกไฟไหม้ | AI4: ดับไฟป่า | AJ4: พื้นที่ถูกไฟไหม้ | AK4: ดับไฟป่า | AL4: พื้นที่ถูกไฟไหม้ | AM4: ดับไฟป่า | AN4: พื้นที่ถูกไฟไหม้ | AO4: ดับไฟป่า | AP4: พื้นที่ถูกไฟไหม้ | AQ4: ดับไฟป่า | AR4: พื้นที่ถูกไฟไหม้
C5: (ครั้ง) | D5: (ไร่) | E5: (ครั้ง) | F5: (ไร่) | G5: (ครั้ง) | H5: (ไร่) | I5: (ครั้ง) | J5: (ไร่) | K5: (ครั้ง) | L5: (ไร่) | M5: (ครั้ง) | N5: (ไร่) | O5: (ครั้ง) | P5: (ไร่) | Q5: (ครั้ง) | R5: (ไร่) | S5: (ครั้ง) | T5: (ไร่) | U5: (ครั้ง) | V5: (ไร่) | W5: (ครั้ง) | X5: (ไร่) | Y5: (ครั้ง) | Z5: (ไร่) | AA5: (ครั้ง) | AB5: (ไร่) | AC5: (ครั้ง) | AD5: (ไร่) | AE5: (ครั้ง) | AF5: (ไร่) | AG5: (ครั้ง) | AH5: (ไร่) | AI5: (ครั้ง) | AJ5: (ไร่) | AK5: (ครั้ง) | AL5: (ไร่) | AM5: (ครั้ง) | AN5: (ไร่) | AO5: (ครั้ง) | AP5: (ไร่) | AQ5: (ครั้ง) | AR5: (ไร่)
A6: 1 | B6: เชียงใหม่ | C6: 2455 | D6: 32705 | E6: 1891 | F6: 12472.5 | G6: 2150 | H6: 15483.8 | I6: 2664 | J6: 16976 | K6: 2627 | L6: 16627.5 | M6: 2099 | N6: 11538.5 | O6: 2555 | P6: 21008 | Q6: 1569 | R6: 9453 | S6: 939 | T6: 5184 | U6: 1424 | V6: 12062.75 | W6: 1403 | X6: 9491 | Y6: 1388 | Z6: 8945.25 | AA6: 1633 | AB6: 11127.75 | AC6: 448 | AD6: 2795.91 | AE6: 865 | AF6: 6263.5 | AG6: 1361 | AH6: 14541.35 | AI6: 937 | AJ6: 9043.5 | AK6: 1179 | AL6: 12611.37 | AM6: 1659 | AN6: 23861.09 | AO6: 1408 | AP6: 22055.15 | AQ6: 1223 | AR6: 15055.05
A7: 2 | B7: แม่ฮ่องสอน | C7: 922 | D7: 9497 | E7: 990 | F7: 7829 | G7: 664 | H7: 4791 | I7: 904 | J7: 9493.5 | K7: 957 | L7: 10083.5 | M7: 845 | N7: 6713 | O7: 918 | P7: 6970 | Q7: 995 | R7: 7754.25 | S7: 558 | T7: 3719 | U7: 924 | V7: 8750 | W7: 473 | X7: 2402 | Y7: 395 | Z7: 2477 | AA7: 361 | AB7: 2091 | AC7: 176 | AD7: 820 | AE7: 413 | AF7: 2499.25 | AG7: 508 | AH7: 2954.5 | AI7: 429 | AJ7: 2918.5 | AK7: 471 | AL7: 3839.5 | AM7: 391 | AN7: 4800 | AO7: 298 | AP7: 3703 | AQ7: 367 | AR7: 3730.13
A8: 3 | B8: ลำปาง | C8: 69 | D8: 751 | E8: 152 | F8: 757 | G8: 105 | H8: 1401.5 | I8: 154 | J8: 655.84 | K8: 291 | L8: 1466 | M8: 201 | N8: 804.2 | O8: 347 | P8: 1753 | Q8: 224 | R8: 1174 | S8: 175 | T8: 987 | U8: 247 | V8: 1390 | W8: 247 | X8: 1312 | Y8: 322 | Z8: 1895 | AA8: 272 | AB8: 1638 | AC8: 131 | AD8: 669 | AE8: 242 | AF8: 1462.64 | AG8: 310 | AH8: 1994 | AI8: 375 | AJ8: 1746.35 | AK8: 399 | AL8: 2958 | AM8: 469 | AN8: 3454 | AO8: 374 | AP8: 5686 | AQ8: 232 | AR8: 4303
A9: 4 | B9: ลำพูน | C9: 345 | D9: 3164 | E9: 141 | F9: 1698 | G9: 321 | H9: 3093.3 | I9: 503 | J9: 3967.25 | K9: 691 | L9: 4624.5 | M9: 523 | N9: 3419.27 | O9: 493 | P9: 5420 | Q9: 302 | R9: 3315 | S9: 256 | T9: 1882 | U9: 354 | V9: 2559 | W9: 314 | X9: 2657 | Y9: 321 | Z9: 2378 | AA9: 497 | AB9: 3796 | AC9: 162 | AD9: 943 | AE9: 219 | AF9: 1557 | AG9: 166 | AH9: 1449 | AI9: 238 | AJ9: 1959 | AK9: 297 | AL9: 3552 | AM9: 322 | AN9: 5257 | AO9: 278 | AP9: 6398 | AQ9: 243 | AR9: 5995
A10: 5 | B10: เชียงราย | C10: 252 | D10: 1559 | E10: 275 | F10: 2326.75 | G10: 577 | H10: 5826 | I10: 313 | J10: 2362.4 | K10: 408 | L10: 3095.55 | M10: 243 | N10: 890 | O10: 378 | P10: 3444 | Q10: 267 | R10: 1634 | S10: 189 | T10: 1264.25 | U10: 336 | V10: 4151.25 | W10: 147 | X10: 934 | Y10: 145 | Z10: 709.25 | AA10: 179 | AB10: 986.88 | AC10: 31 | AD10: 84.5 | AE10: 181 | AF10: 921.5 | AG10: 98 | AH10: 690.01 | AI10: 91 | AJ10: 905 | AK10: 147 | AL10: 1129.72 | AM10: 202 | AN10: 3157.29 | AO10: 86 | AP10: 831.76 | AQ10: 43 | AR10: 281.6
A11: 6 | B11: พะเยา | C11: 349 | D11: 4430 | E11: 249 | F11: 3134 | G11: 125 | H11: 1087 | I11: 211 | J11: 1348 | K11: 265 | L11: 1493 | M11: 188 | N11: 806 | O11: 252 | P11: 958 | Q11: 191 | R11: 598 | S11: 80 | T11: 289 | U11: 186 | V11: 2313 | W11: 134 | X11: 598 | Y11: 139 | Z11: 590 | AA11: 117 | AB11: 536 | AC11: 39 | AD11: 165 | AE11: 76 | AF11: 317 | AG11: 38 | AH11: 194 | AI11: 36 | AJ11: 327 | AK11: 62 | AL11: 428.75 | AM11: 131 | AN11: 1400 | AO11: 59 | AP11: 802 | AQ11: 30 | AR11: 250
A12: 7 | B12: แพร่ | C12: 93 | D12: 818 | E12: 204 | F12: 1714 | G12: 190 | H12: 1240.2 | I12: 265 | J12: 2524.5 | K12: 254 | L12: 1893 | M12: 182 | N12: 1837 | O12: 231 | P12: 1796 | Q12: 192 | R12: 1292 | S12: 100 | T12: 847.5 | U12: 146 | V12: 824 | W12: 95 | X12: 560 | Y12: 112 | Z12: 591 | AA12: 100 | AB12: 686 | AC12: 42 | AD12: 227 | AE12: 158 | AF12: 1470 | AG12: 147 | AH12: 1010.5 | AI12: 111 | AJ12: 927 | AK12: 140 | AL12: 1004 | AM12: 140 | AN12: 2201 | AO12: 78 | AP12: 726 | AQ12: 54 | AR12: 525
A13: 8 | B13: น่าน | C13: 123 | D13: 1579 | E13: 57 | F13: 689 | G13: 56 | H13: 743 | I13: 36 | J13: 456 | K13: 54 | L13: 1353 | M13: 20 | N13: 375 | O13: 61 | P13: 889 | Q13: 19 | R13: 440 | S13: 13 | T13: 253 | U13: 90 | V13: 1446 | W13: 16 | X13: 709 | Y13: 5 | Z13: 45 | AA13: 39 | AB13: 517 | AC13: 2 | AD13: 8 | AE13: 29 | AF13: 311 | AG13: 123 | AH13: 1259.5 | AI13: 88 | AJ13: 972 | AK13: 78 | AL13: 934 | AM13: 149 | AN13: 1815 | AO13: 127 | AP13: 2240.25 | AQ13: 69 | AR13: 1133.7
A14: 9 | B14: ตาก | C14: 400 | D14: 5045 | E14: 226 | F14: 1994 | G14: 249 | H14: 2377 | I14: 252 | J14: 3147 | K14: 351 | L14: 3711 | M14: 253 | N14: 2336 | O14: 274 | P14: 4807 | Q14: 328 | R14: 2252 | S14: 250 | T14: 1681 | U14: 329 | V14: 3000 | W14: 212 | X14: 1432 | Y14: 174 | Z14: 2176 | AA14: 268 | AB14: 1894 | AC14: 90 | AD14: 774 | AE14: 149 | AF14: 1202 | AG14: 95 | AH14: 1131 | AI14: 117 | AJ14: 1275 | AK14: 258 | AL14: 3869 | AM14: 373 | AN14: 8899 | AO14: 317 | AP14: 10349.4 | AQ14: 163 | AR14: 8639.5
B15: รวม 9 จังหวัด | C15: =SUM(C6:C14) -> 5008 | D15: =SUM(D6:D14) -> 59548 | E15: =SUM(E6:E14) -> 4185 | F15: =SUM(F6:F14) -> 32614.25 | G15: =SUM(G6:G14) -> 4437 | H15: =SUM(H6:H14) -> 36042.8 | I15: =SUM(I6:I14) -> 5302 | J15: =SUM(J6:J14) -> 40930.49 | ... AR15: =SUM(AR6:AR14) -> 39912.98

Sheet ปชส(ok)
A1: เปรียบเทียบแผนและผลการปฏิบัติงานควบคุมไฟป่า ตั้งแต่ปีงบประมาณ พ.ศ. 2542-2559
A4: กิจกรรม | B4: หน่วย | C4: ปี 2541 | E4: ปี 2542 | G4: ปี 2543 | I4: ปี 2544 | K4: ปี 2545 | M4: ปี 2546 | O4: ปี 2547 | Q4: ปี 2548 | S4: ปี 2549 | U4: ปี 2550 | W4: ปี 2551 | Y4: ปี 2552 | AA4: ปี 2553 | AC4: ปี 2554 | AE4: ปี 2555 | AG4: ปี 2556 | AI4: ปี 2557 | AK4: ปี 2558 | AM4: ปี 2559 | AO4: ปี 2560 | AQ4: ปี 2561
B5: วัด | C5: แผน | D5: ผล | E5: แผน | F5: ผล | G5: แผน | H5: ผล | I5: แผน | J5: ผล | K5: แผน | L5: ผล | M5: แผน | N5: ผล | O5: แผน | P5: ผล | Q5: แผน | R5: ผล | S5: แผน | T5: ผล | U5: แผน | V5: ผล | W5: แผน | X5: ผล | Y5: แผน | Z5: ผล | AA5: แผน | AB5: ผล | AC5: แผน | AD5: ผล | AE5: แผน | AF5: ผล | AG5: แผน | AH5: ผล | AI5: แผน | AJ5: ผล | AK5: แผน | AL5: ผล | AM5: แผน | AN5: ผล | AO5: แผน | AP5: ผล | AQ5: แผน | AR5: ผล
A6: 1. การรณรงค์ป้องกันไฟป่า | AI6: (2 กิจกรรม)
A7: 1.1 การประชาสัมพันธ์ป้องกันไฟป่า
A8: 1.1.1 ประชาสัมพันธ์เคลื่อนที่ | B8: ครั้ง | C8: 3735 | D8: 7569 | E8: 4390 | F8: 7905 | G8: 4950 | H8: 7650 | I8: 3450 | J8: 4783 | K8: 4620 | L8: 5539 | M8: 4715 | N8: 6226 | O8: 4735 | P8: 6669 | Q8: 4745 | R8: 6274 | S8: 4745 | T8: 6251 | U8: 4765 | V8: 5853 | W8: 4775 | X8: 5570 | Y8: 4870 | Z8: 5554 | AA8: 4870 | AB8: 4870 | AC8: 4850 | AD8: 5057 | AE8: 4859 | AF8: 4915 | AG8: 5917 | AH8: =SUM('[1]สรุป ฟป.5'!D10) -> 6460 | AI8: 6091 | AJ8: 8049 | AK8: 6064 | AL8: 7713 | AM8: 6580 | AN8: 6950
A9: 1.1.2 ประชาสัมพันธ์ผ่านสื่อมวลชน | B9: ครั้ง | C9: 855 | D9: 2335 | E9: 996 | F9: 2688 | G9: 1104 | H9: 5834 | I9: 1728 | J9: 2374 | K9: 1728 | L9: 3111 | M9: 1900 | N9: 1985 | O9: 1900 | P9: 1917 | Q9: 1900 | R9: 2066 | S9: 1900 | T9: 2077 | U9: 1930 | V9: 3382 | W9: =SUM([2]ปชส!C9) -> 1930 | X9: 2963 | Y9: 1930 | Z9: 2701 | AA9: 1930 | AB9: 7968 | AC9: 1700 | AD9: 5619 | AE9: 1714 | AF9: 3222 | AG9: 2616 | AH9: =SUM('[1]สรุป ฟป.5'!D11) -> 7084 | AI9: 2556 | AJ9: 2976 | AK9: 2226 | AL9: 2485 | AM9: 2701 | AN9: 2925
A10: 1.1.3 ป้ายประชาสัมพันธ์ | B10: ป้าย | C10: 6115 | D10: 6775 | E10: 7040 | F10: 8155 | G10: 7990 | H10: 8180 | I10: ไม่มีแผนงาน | J10: 1877 | K10: 500 | L10: 1236 | M10: 500 | N10: 1443 | O10: 10200 | P10: 10301 | Q10: 10750 | R10: 10857 | S10: 10750 | T10: 11091 | U10: 10800 | V10: 11015 | W10: 10825 | X10: 10984 | Y10: 11050 | Z10: 11164 | AA10: 11050 | AB10: 11050 | AC10: 9260 | AD10: 9535 | AE10: 9292 | AF10: 9655 | AG10: 8750 | AH10: =SUM('[1]สรุป ฟป.5'!D12) -> 9064 | AI10: 7215 | AJ10: 9177 | AK10: 9292 | AL10: 9395 | AM10: 10184 | AN10: 12580
A11: 1.1.4 สิ่งตีพิมพ์ | B11: แผ่น | C11: 312000 | D11: 429646 | E11: 386800 | F11: 491020 | G11: 430000 | H11: 525076 | I11: 205200 | J11: 376491 | K11: 205200 | L11: 376834 | M11: 288500 | N11: 290150 | O11: 288500 | P11: 341008 | Q11: 288500 | R11: 290530 | S11: 288500 | T11: 314441 | U11: 292500 | V11: 366006 | W11: 298500 | X11: 312025 | Y11: 298500 | Z11: 323271 | AA11: 298500 | AB11: 298500 | AC11: 260000 | AD11: 275550 | AE11: 265600 | AF11: 275250 | AG11: 248420 | AH11: =SUM('[1]สรุป ฟป.5'!D13) -> 266186 | AI11: 232600 | AJ11: 419732 | AK11: 424310 | AL11: 652651 | AM11: 502000 | AN11: 542065
A12: 1.2 ส่งเสริมเผยแพร่
A13: 1.2.1 เอกสารเผยแพร่ | B13: เล่ม | C13: 125600 | D13: 185482 | E13: 157600 | F13: 257021 | G13: 175600 | H13: 262037 | I13: 81100 | J13: 191488 | K13: 81100 | L13: 234162 | M13: 133750 | N13: 158554 | O13: 133750 | P13: 187279 | Q13: 133750 | R13: 157324 | S13: 133750 | T13: 183738 | U13: 135750 | V13: 146315 | W13: 138750 | X13: 150795 | Y13: 138750 | Z13: 148726 | AA13: 138750 | AB13: 138750 | AC13: 115000 | AD13: 118555 | AE13: 117800 | AF13: 118210 | AG13: 122580 | AH13: =SUM('[1]สรุป ฟป.5'!D15) -> 107490 | AI13: 123100 | AJ13: 128447 | AK13: 136350 | AL13: 215666 | AM13: 180850 | AN13: 183050
A14: 1.2.2 จัดนิทรรศการ | B14: ครั้ง | C14: 747 | D14: 1012 | E14: 909 | F14: 1044 | G14: 1014 | H14: 1252 | I14: 480 | J14: 636 | K14: 480 | L14: 876 | M14: 640 | N14: 587 | O14: 640 | P14: 701 | Q14: 775 | R14: 818 | S14: 775 | T14: 795 | U14: 805 | V14: 808 | W14: =SUM([2]ปชส!C14) -> 805 | X14: 822 | Y14: 810 | Z14: 852 | AA14: 810 | AB14: 810 | AC14: 810 | AD14: 923 | AE14: 824 | AF14: 915 | AG14: 1058 | AH14: =SUM('[1]สรุป ฟป.5'!D16) -> 1023 | AI14: 1065 | AJ14: 1223 | AK14: 1253 | AL14: 1367 | AM14: 1342 | AN14: 1455
A15: 1.3. ให้การศึกษาและฝึกอบรม
A16: 1.3.1 ให้การศึกษา | B16: ครั้ง | C16: 2020 | D16: 3160 | E16: 2445 | F16: 3272 | G16: 2820 | H16: 3418 | I16: 1160 | J16: 1419 | K16: 1160 | L16: 1802 | M16: 1375 | N16: 1351 | O16: 1375 | P16: 1531 | Q16: 2460 | R16: 2638 | S16: 2460 | T16: 2837 | U16: 2485 | V16: 2858 | W16: =SUM([2]ปชส!C16) -> 2485 | X16: 2556 | Y16: 2540 | Z16: 2737 | AA16: 2540 | AB16: 2540 | AC16: 2365 | AD16: 2476 | AE16: 2376 | AF16: 2480 | AG16: 2094 | AH16: =SUM('[1]สรุป ฟป.5'!D18) -> 2111 | AI16: 2128 | AJ16: 2327 | AK16: 2102 | AL16: 2219 | AM16: 2257 | AN16: 2300
A17: 1.3.2 การฝึกอบรม | B17: ครั้ง | C17: 215 | D17: 241 | E17: 233 | F17: 810 | G17: 293 | H17: 293 | I17: 152 | J17: 152 | K17: 81 | L17: 95 | M17: 119 | N17: 80 | O17: 88 | P17: 89 | Q17: 74 | R17: 74 | S17: 30 | T17: 30 | U17: 12 | V17: 12 | W17: 5 | X17: 5 | Y17: 5 | Z17: 5 | AA17: 5 | AB17: 5 | AC17: 5 | AD17: 5 | AE17: 5 | AF17: 5 | AG17: 5 | AH17: 5 | AI17: 5 | AJ17: 5 | AK17: 5 | AL17: 5 | AM17: 4 | AN17: 4
A18: 1.4. วันรณรงค์ให้ปลอดควันพิษจากไฟป่า 24 กุมภาพันธ์ | U18: 141 | V18: 141 | W18: =SUM([2]ปชส!C18) -> 141 | X18: 141 | Y18: 141 | Z18: 141 | AA18: 141 | AB18: 141 | AC18: 21 | AD18: 21 | AE18: 21 | AF18: 21 | AG18: 21 | AH18: 21 | AI18: 21 | AJ18: 21 | AK18: 21 | AL18: 21 | AM18: 21 | AN18: 21
A19: 2. การปฏิบัติงานดับไฟป่า
A20: 2.1 การเตรียมการก่อนฤดูไฟป่า
A21: 2.1.1 สำรวจพื้นที่ปฏิบัติงาน | B21: ไร่ | C21: 17084930 | D21: 17084930 | E21: 29243652 | F21: 29487167 | G21: 33837070 | H21: =G21 -> 33837070 | I21: 36188369 | J21: 36188369 | K21: 36688369 | L21: 36688369 | M21: 37420884 | N21: 37420884 | O21: 37420884 | P21: 37420884 | Q21: 21062500 | R21: 21062500 | S21: 21062500 | T21: 21062500 | U21: 21062500 | V21: 21062500 | W21: =SUM([2]ปชส!C21) -> 21062500 | X21: 21062500 | Y21: 21062500 | Z21: 21062500 | AA21: 21062500 | AB21: 21062500 | AC21: 21250000 | AD21: 21250000 | AE21: 21375000 | AF21: 21375000 | AG21: 21625000 | AH21: 21625000 | AI21: 21812500 | AJ21: 21812500 | AK21: 22000000 | AL21: 22000000 | AM21: 22812500 | AN21: 22812500
A22: 2.1.2 เตรียมพนักงานดับไฟป่า/เจ้าหน้าที่ประชาสัมพันธ์ | B22: คน | C22: 2910 | D22: 2880 | E22: 3780 | F22: 4047 | G22: 4080 | H22: =SUM([3]สรุปผลงาน!$N$173) -> 4777 | I22: 4575 | J22: 4575 | K22: 4867 | L22: 4867 | M22: 5010 | N22: 5010 | O22: 5870 | P22: 5870 | Q22: 6282 | R22: 6282 | S22: 5075 | T22: 5075 | U22: 5063 | V22: 5063 | W22: =SUM([2]ปชส!C22) -> 5063 | X22: 5063 | Y22: 5063 | Z22: 5063 | AK22: =AK23*15 -> 5280 | AL22: =AL23*15 -> 5280 | AM22: =AM23*15 -> 5475 | AN22: =SUM(AM22) -> 5475
A23: 2.1.3 เตรียมอุปกรณ์และเครื่องมือดับไฟป่า | B23: หน่วย | C23: 193 | D23: 192 | E23: 252 | F23: 269 | G23: 272 | H23: 272 | I23: 305 | J23: 305 | K23: 325 | L23: 325 | M23: 334 | N23: 334 | O23: 336 | P23: 336 | Q23: 337 | R23: 337 | S23: 337 | T23: 337 | U23: 337 | V23: 337 | W23: =SUM([2]ปชส!C23) -> 337 | X23: 337 | Y23: 337 | Z23: 337 | AA23: 337 | AB23: 337 | AC23: 340 | AD23: 340 | AE23: 342 | AF23: 342 | AG23: 346 | AH23: 346 | AI23: 349 | AJ23: 349 | AK23: 352 | AL23: 352 | AM23: 365 | AN23: 365
A24: 2.1.4 เตรียมทางคมนาคม | B24: เมตร | C24: 188000 | D24: 207200 | E24: 217000 | F24: 228000 | G24: 251002 | H24: =SUM([3]สรุปผลงาน!$P$173) -> 364150 | I24: 305000 | J24: 305250 | K24: ไม่มีแผนงาน | L24: ไม่มีแผนงาน | M24: ไม่มีแผนงาน | N24: ไม่มีแผนงาน | O24: ไม่มีแผนงาน | P24: ไม่มีแผนงาน | Q24: ไม่มีแผนงาน | R24: ไม่มีแผนงาน | S24: ไม่มีแผนงาน | T24: ไม่มีแผนงาน | U24: ไม่มีแผนงาน | V24: ไม่มีแผนงาน | W24: ไม่มีแผนงาน | X24: ไม่มีแผนงาน | Y24: ไม่มีแผนงาน | Z24: ไม่มีแผนงาน | AA24: ไม่มีแผนงาน | AB24: ไม่มีแผนงาน | AC24: ไม่มีแผนงาน | AD24: ไม่มีแผนงาน | AE24: ไม่มีแผนงาน | AF24: ไม่มีแผนงาน | AG24: ไม่มีแผนงาน | AH24: ไม่มีแผนงาน | AI24: ไม่มีแผนงาน | AJ24: ไม่มีแผนงาน | AK24: ไม่มีแผนงาน | AL24: ไม่มีแผนงาน | AM24: ไม่มีแผนงาน | AN24: ไม่มีแผนงาน
A25: 2.1.5 การจัดทำแนวกันไฟ | B25: กม. | C25: งบประมาณ 2541-2544 ยังไม่มีแผนดำเนินการ | K25: 4500 | L25: 4500 | M25: 4500 | N25: 8288 | O25: 3000 | P25: 3000 | Q25: 3000 | R25: 3000 | S25: 3000 | T25: 3000 | U25: 3000 | V25: 3000 | W25: =SUM([2]ปชส!C24) -> 3000 | X25: 3000 | Y25: 3000 | Z25: 3000 | AA25: 3000 | AB25: 3000 | AC25: 10000 | AD25: 10000 | AE25: 3476 | AF25: 3476 | AG25: 3200 | AH25: 3200 | AI25: 4000 | AJ25: 4000 | AK25: 7500 | AL25: 7500 | AM25: 10000 | AN25: 10000
A26: 2.1.6 จัดการเชื้อเพลิง | B26: ไร่ | C26: 37600 | D26: 43240 | E26: 49800 | F26: 52400 | G26: 841500 | H26: =SUM([3]สรุปผลงาน!$Q$173) -> 885300 | I26: 953125 | J26: 942954 | K26: 1015625 | L26: 752007 | M26: 1043750 | N26: 992158 | O26: 1050000 | P26: 1050000 | Q26: 1053125 | R26: 1079090 | S26: 1053125 | T26: 1053125 | U26: 878800 | V26: 891115 | W26: =SUM([2]ปชส!C25) -> 878800 | X26: 878800 | Y26: 878800 | Z26: 880900 | AA26: 878800 | AB26: 878800 | AC26: 852500 | AD26: 875000 | AE26: 852500 | AF26: 852500 | AG26: 860000 | AH26: =SUM('[1]สรุป ฟป.5'!D25) -> 766438 | AI26: 701000 | AJ26: 645200 | AK26: 707000 | AL26: 643050 | AM26: 733000 | AN26: 733000
A27: 2.2 การดับไฟป่า
A28: 2.2.1 ตรวจหาไฟและตรวจปราบปรามการลักลอบเผาป่า | B28: ไร่ | C28: 17084930 | D28: 17084930 | E28: 29243652 | F28: 29487167 | G28: 33837070 | H28: =G28 -> 33837070 | I28: 36188369 | J28: 36188369 | K28: 36688369 | L28: 36688369 | M28: 37420884 | N28: 37420884 | O28: 37420884 | P28: 37420884 | Q28: 21062500 | R28: 21062500 | S28: 21062500 | T28: 21062500 | U28: 21062500 | V28: 21062500 | W28: =SUM([2]ปชส!C27) -> 21062500 | X28: 21062500 | Y28: 21062500 | Z28: 21062500 | AA28: 21062500 | AB28: 21062500 | AC28: 21250000 | AD28: 21250000 | AE28: 21375000 | AF28: 21375000 | AG28: 21625000 | AH28: 21625000 | AI28: 21812500 | AJ28: 21812500 | AK28: 22000000 | AL28: 22000000 | AM28: 22812500 | AN28: 22812500
A29: 2.2.2 การดับไฟป่า
A30: - การดับไฟป่า | B30: ครั้ง | C30: กำหนดไม่ได้ | D30: 7909 | E30: กำหนดไม่ได้ | F30: 7800 | G30: กำหนดไม่ได้ | H30: =SUM([3]สรุปผลงาน!$S$173) -> 9758 | I30: กำหนดไม่ได้ | J30: 10084 | K30: กำหนดไม่ได้ | L30: 11974 | M30: กำหนดไม่ได้ | N30: 8011 | O30: กำหนดไม่ได้ | P30: 10544 | Q30: กำหนดไม่ได้ | R30: 9447 | S30: กำหนดไม่ได้ | T30: 4711 | U30: กำหนดไม่ได้ | V30: 7757 | W30: กำหนดไม่ได้ | X30: 5569 | Y30: กำหนดไม่ได้ | Z30: 5361 | AA30: กำหนดไม่ได้ | AB30: 6784 | AC30: กำหนดไม่ได้ | AD30: 2492 | AE30: กำหนดไม่ได้ | AF30: 3995 | AG30: กำหนดไม่ได้ | AH30: =SUM('[4]1.เปรียบเทียบภาค 55-56'!$D$13) -> 5257 | AI30: กำหนดไม่ได้ | AJ30: 4207 | AK30: กำหนดไม่ได้ | AL30: 4982 | AM30: กำหนดไม่ได้ | AN30: 6846
A31: -พื้นที่เสียหาย | B31: ไร่ | C31: กำหนดไม่ได้ | D31: 323940 | E31: กำหนดไม่ได้ | F31: 182055 | G31: กำหนดไม่ได้ | H31: =SUM([3]สรุปผลงาน!$T$173) -> 166174.35 | I31: กำหนดไม่ได้ | J31: 168630 | K31: กำหนดไม่ได้ | L31: 253390.55 | M31: กำหนดไม่ได้ | N31: 98523 | O31: กำหนดไม่ได้ | P31: 201757.85 | Q31: กำหนดไม่ได้ | R31: 189276 | S31: กำหนดไม่ได้ | T31: 53884.95 | U31: กำหนดไม่ได้ | V31: 117395.2 | W31: กำหนดไม่ได้ | X31: 70810.1 | Y31: กำหนดไม่ได้ | Z31: 61083.6 | AA31: กำหนดไม่ได้ | AB31: 83175.63 | AC31: กำหนดไม่ได้ | AD31: 25489.1 | AE31: กำหนดไม่ได้ | AF31: 47899 | AG31: กำหนดไม่ได้ | AH31: =SUM('[4]1.เปรียบเทียบภาค 55-56'!$E$13) -> 58516.88 | AI31: กำหนดไม่ได้ | AJ31: 50723 | AK31: กำหนดไม่ได้ | AL31: 60453.11 | AM31: กำหนดไม่ได้ | AN31: 125896.01
A33: หมายเหตุ
A34: 1. ปี 2557 มี 2 กิจกรรม คือ กิจกรรมควบคุมไฟป่า และ กิจกรรม AEC
A35: 1. ปี 2558 มี 2 กิจกรรม คือ กิจกรรมควบคุมไฟป่า และ กิจกรรม AEC
A36: 1. ปี 2559 มี 3 กิจกรรม คือ กิจกรรมควบคุมไฟป่า กิจกรรม AEC และเพิ่มประสิทธิภาพ
